,.SPXTR,.SPXTR,.SPXTR,.SPXTR,.SPXTR,.SPX,.SPX,.SPX,.SPX,.SPX
,LOW_1,TRDPRC_1,HIGH_1,OPEN_PRC,ACVOL_UNS,LOW_1,TRDPRC_1,HIGH_1,OPEN_PRC,ACVOL_UNS
Date,,,,,,,,,,
1988-01-31,242.869,257.473,261.211,256.015,,,,,,
1988-02-29,250.103,269.475,269.475,255.507,,,,,,
1988-03-31,260.276,261.15,273.273,269.437,,,,,,
1988-04-30,258.411,264.038,274.105,258.411,,,,,,
1988-05-31,254.583,266.322,266.322,264.334,,,,,,
1988-06-30,269.561,278.544,280.462,270.953,,,,,,
1988-07-31,267.762,277.487,281.053,276.856,,,,,,
1988-08-31,263.184,268.067,278.684,277.757,,,,,,
1988-09-30,264.848,279.488,280.181,264.848,,,,,,
1988-10-31,278.347,287.27,291.87,279.085,,,,,,
1988-11-30,272.602,283.176,287.714,287.506,,,,,,
1988-12-31,281.308,288.116,289.808,281.953,,,,,,
1989-01-31,285.65,309.214,309.214,285.65,,,,,,
1989-02-28,299.563,301.508,311.934,308.855,,,,,,
1989-03-31,299.773,308.542,313.028,299.773,,,,,,
1989-04-30,309.205,324.562,324.562,310.208,,,,,,
1989-05-31,320.742,337.693,338.918,324.11,,,,,,
1989-06-30,335.778,335.778,346.722,339.253,,,,,,
1989-07-31,337.191,366.095,366.095,337.191,,,,,,
1989-08-31,361.47,373.252,373.852,363.768,,,,,,
1989-09-30,364.827,371.738,375.777,375.777,,,,,,
1989-10-31,355.488,363.106,383.339,373.593,,,,,,
1989-11-30,355.186,370.511,370.511,364.013,,,,,,
1989-12-31,367.274,379.409,379.409,375.519,,,,,,
1990-01-31,347.3751,353.9369,386.1619,386.1619,,,,,,
1990-02-28,349.9,358.4958,361.2299,353.6777,,,,,,
1990-03-31,359.4571,367.9953,371.5577,359.4571,,,,,,
1990-04-30,356.8823,358.8147,373.6113,366.7244,,,,,,
1990-05-31,360.4829,393.8009,393.8009,360.4829,,,,,,
1990-06-30,384.52,391.1443,400.6356,395.9398,,,,,,
1990-07-31,386.695,389.8899,403.455,392.8126,,,,,,
1990-08-31,337.2239,354.6475,389.2178,389.2178,,,,,,
1990-09-30,331.785,337.3884,356.7545,355.3215,,,,,,
1990-10-31,326.0788,335.9515,347.6011,347.3012,,,,,,
1990-11-30,338.814,357.6678,357.6678,339.3508,,,,,,
1990-12-31,360.0032,367.6313,368.9136,360.0032,,,,,,
1991-01-31,347.0157,383.6417,383.6417,363.443,,,,,,
1991-02-28,382.6824,411.0779,413.2435,382.6824,,,,,,
1991-03-31,411.0765,421.0325,422.2297,414.9203,,,,,,
1991-04-30,416.7427,422.0288,438.6508,416.7427,,,,,,
1991-05-31,415.4336,440.2355,440.2355,427.5854,,,,,,
1991-06-30,419.3617,420.0666,438.3823,438.3823,,,,,,
1991-07-31,422.7102,439.6456,439.6456,427.7332,,,,,,
1991-08-31,428.0084,450.0617,451.3042,438.886,,,,,,
1991-09-30,437.0344,442.5299,446.39,446.39,,,,,,
1991-10-31,430.2164,448.4796,449.0464,444.0759,,,,,,
1991-11-30,430.4092,430.4092,455.2518,447.1951,,,,,,
1991-12-31,433.2224,479.6332,479.6332,437.6725,,,,,,
1992-01-31,470.6952,470.6952,484.1983,479.839,,,,,,
1992-02-29,470.317,476.7912,481.349,471.6751,,,,,,
1992-03-31,466.7007,467.5183,477.2835,476.6618,,,,,,
1992-04-30,457.1601,481.2451,482.4978,468.1599,,,,,,
1992-05-31,476.9393,483.6041,486.3529,478.4454,,,,,,
1992-06-30,467.591,476.4094,486.0375,486.0375,,,,,,
1992-07-31,477.8738,495.8717,495.8717,481.9504,,,,,,
1992-08-31,481.486,485.7234,497.0476,497.0476,,,,,,
1992-09-30,486.4623,491.4308,499.6144,488.2292,,,,,,
1992-10-31,473.9434,493.1286,495.6892,489.663,,,,,,
1992-11-30,491.6958,509.92,509.92,498.0825,,,,,,
1992-12-31,508.4349,516.1779,522.3806,509.4164,,,,,,
1993-01-31,508.6048,520.4936,521.8743,515.9991,,,,,,
1993-02-28,513.5882,527.5875,533.8879,525.0321,,,,,,
1993-03-31,526.0656,538.7192,543.732,526.0656,,,,,,
1993-04-30,517.6839,525.6977,537.0864,537.0864,,,,,,
1993-05-31,525.6831,539.7605,543.5401,528.5496,,,,,,
1993-06-30,532.1443,541.3413,544.4065,544.2003,,,,,,
1993-07-31,530.7439,539.1638,541.6952,539.557,,,,,,
1993-08-31,539.6464,559.6213,559.6213,541.7542,,,,,,
1993-09-30,547.7006,555.3296,559.1988,559.1988,,,,,,
1993-10-31,555.9682,566.817,568.5715,558.2397,,,,,,
1993-11-30,554.8244,561.4145,568.4865,568.4865,,,,,,
1993-12-31,561.5823,568.2021,573.6017,561.5823,,,,,,
1994-01-31,567.0948,587.5194,587.5194,567.0948,,,,,,
1994-02-28,567.9139,571.5728,588.1936,585.265,,,,,,
1994-03-31,546.3584,546.654,577.2266,568.3267,,,,,,
1994-04-30,538.3739,553.664,555.7684,538.3739,,,,,,
1994-05-31,543.2007,562.7504,563.7612,556.4365,,,,,,
1994-06-30,546.8494,548.9561,570.6759,564.1877,,,,,,
1994-07-31,551.4657,566.9824,566.9824,551.4657,,,,,,
1994-08-31,566.0686,590.2284,590.9272,570.537,,,,,,
1994-09-30,571.5298,575.7949,590.084,587.4466,,,,,,
1994-10-31,563.2785,588.7309,590.3758,574.8168,,,,,,
1994-11-30,562.2287,567.2901,583.9809,583.9809,,,,,,
1994-12-31,557.325,575.7049,579.532,561.4282,,,,,,
1995-01-31,575.5206,590.635,590.635,575.5206,,,,,,
1995-02-28,590.6463,613.6526,614.4031,590.6463,,,,,,
1995-03-31,607.4803,631.7603,635.7181,611.6381,,,,,,
1995-04-30,633.3248,650.3635,650.3635,633.3248,,,,,,
1995-05-31,649.9516,676.3567,676.3567,649.9516,,,,,,
1995-06-30,669.7999,692.0668,699.6336,676.5305,,,,,,
1995-07-31,695.079,715.0175,718.9544,695.079,,,,,,
1995-08-31,707.138,716.8153,716.8153,711.9466,,,,,,
1995-09-30,719.3374,747.0665,749.6552,719.3374,,,,,,
1995-10-31,738.107,744.3961,755.8323,743.647,,,,,,
1995-11-30,748.0099,777.074,779.9789,748.0099,,,,,,
1995-12-31,778.6935,792.0419,798.7597,779.1535,,,,,,
1996-01-31,770.1103,819.0001,819.0001,798.2157,,,,,,
1996-02-29,818.9712,826.5934,852.4702,822.2979,,,,,,
1996-03-31,818.1895,834.5496,846.6637,831.6968,,,,,,
1996-04-30,816.6999,846.854,848.2051,845.1977,,,,,,
1996-05-31,826.6265,868.6938,880.4622,847.4909,,,,,,
1996-06-30,860.3964,872.0078,881.0901,866.8321,,,,,,
1996-07-31,815.7669,833.4823,878.9721,878.9721,,,,,,
1996-08-31,846.767,851.064,875.0097,846.767,,,,,,
1996-09-30,848.1525,898.966,898.966,854.6302,,,,,,
1996-10-31,901.285,923.7602,930.5446,901.285,,,,,,
1996-11-30,921.9134,993.5844,993.5844,921.9134,,,,,,
1996-12-31,947.2292,973.8967,994.8512,992.9991,,,,,,
1997-01-31,969.0465,1034.7413,1034.7413,969.0465,,,,,,
1997-02-28,1024.719,1042.851,1075.8162,1035.5903,,,,,,
1997-03-31,1000.0021,1000.0021,1073.6378,1048.7839,,,,,,
1997-04-30,974.9384,1059.7007,1059.7007,1003.3331,,,,,,
1997-05-31,1056.1302,1124.219,1125.7203,1056.1302,,,,,,
1997-06-30,1113.6854,1174.5863,1192.2367,1121.6877,,,,,,
1997-07-31,1182.5656,1268.0452,1268.0452,1182.5656,,,,,,
1997-08-31,1197.007,1197.007,1276.2541,1258.5923,,,,,,
1997-09-30,1215.4133,1262.5628,1272.9529,1234.4396,,,,,,
1997-10-31,1169.6849,1220.3967,1310.5992,1273.5107,,,,,,
1997-11-30,1209.8166,1276.8923,1286.6939,1252.9555,,,,,,
1997-12-31,1247.7502,1298.8214,1315.2774,1302.8191,,,,,,
1998-01-31,1242.1021,1313.1871,1320.1611,1305.0396,,,,,,
1998-02-28,1341.3148,1407.9007,1407.9007,1341.3148,,,,,,
1998-03-31,1389.2711,1479.9975,1484.9194,1405.7312,,,,,,
1998-04-30,1458.7308,1494.8872,1519.623,1488.6954,,,,,,
1998-05-31,1469.1934,1469.1934,1508.7731,1507.3344,,,,,,
1998-06-30,1451.645,1528.8704,1535.0078,1469.4587,,,,,,
1998-07-31,1512.5902,1512.5902,1601.0784,1548.7714,,,,,,
1998-08-31,1293.9036,1293.9036,1501.5319,1501.5319,,,,,,
1998-09-30,1316.8127,1376.7925,1442.6629,1343.9442,,,,,,
1998-10-31,1299.4391,1488.7829,1488.7829,1335.3618,,,,,,
1998-11-30,1505.3203,1579.015,1617.9532,1506.3095,,,,,,
1998-12-31,1549.6306,1670.0056,1687.0335,1594.8713,,,,,,
1999-01-31,1647.5659,1739.839,1739.839,1668.5206,,,,,,
1999-02-28,1654.2373,1685.7667,1731.3231,1730.8111,,,,,,
1999-03-31,1668.3727,1753.2121,1793.85,1682.8603,,,,,,
1999-04-30,1758.1863,1821.1056,1858.2899,1763.3126,,,,,,
1999-05-31,1750.192,1778.1028,1866.8724,1847.6343,,,,,,
1999-06-30,1767.803,1876.7835,1876.7835,1767.803,,,,,,
1999-07-31,1818.1814,1818.1814,1940.7583,1888.1491,,,,,,
1999-08-31,1754.3278,1809.186,1892.8658,1817.2701,,,,,,
1999-09-30,1739.9179,1759.5892,1860.1499,1824.1989,,,,,,
1999-10-31,1711.7657,1870.9372,1870.9372,1759.7648,,,,,,
1999-11-30,1850.1265,1908.9697,1957.8737,1858.8613,,,,,,
1999-12-31,1921.4921,2021.4006,2021.4006,1921.4921,,,,,,
2000-01-31,1872.6122,1919.8405,2016.6433,2002.1132,,,,,,
2000-02-29,1837.6968,1883.4989,1985.4922,1940.2442,,,,,,
2000-03-31,1869.3263,2067.7595,2107.277,1901.5066,,,,,,
2000-04-30,1872.55,2005.5492,2092.8727,2077.9715,,,,,,
2000-05-31,1898.9389,1964.4013,2027.3952,2027.3952,,,,,,
2000-06-30,1994.3305,2012.8298,2055.835,2003.446,,,,,,
2000-07-31,1966.1995,1981.3612,2091.143,2033.5766,,,,,,
2000-08-31,1991.4284,2104.4323,2104.4323,1991.4284,,,,,,
2000-09-30,1979.3094,1993.3323,2108.7558,2108.7558,,,,,,
2000-10-31,1846.0844,1984.9046,1993.6966,1992.9438,,,,,,
2000-11-30,1828.4162,1828.4162,1989.1918,1973.7165,,,,,,
2000-12-31,1759.6166,1837.3647,1919.6474,1828.8055,,,,,,
2001-01-31,1785.8598,1902.5527,1913.1257,1785.8598,,,,,,
2001-02-28,1729.0748,1729.0748,1913.1127,1913.1127,,,,,,
2001-03-31,1559.6483,1619.5375,1764.394,1730.9155,,,,,,
2001-04-30,1540.1664,1745.3924,1750.9836,1599.3549,,,,,,
2001-05-31,1741.3315,1757.0859,1836.0215,1769.1204,,,,,,
2001-06-30,1691.5869,1714.3208,1795.9618,1763.8718,,,,,,
2001-07-31,1641.7599,1697.4447,1731.5309,1731.5309,,,,,,
2001-08-31,1584.7728,1591.1819,1711.1739,1704.2402,,,,,,
2001-09-30,1356.6089,1462.6903,1590.2934,1590.2934,,,,,,
2001-10-31,1459.3334,1490.582,1553.2567,1459.3334,,,,,,
2001-11-30,1524.9625,1604.919,1629.758,1524.9625,,,,,,
2001-12-31,1577.5774,1618.9788,1649.0041,1591.4777,,,,,,
2002-01-31,1553.2332,1595.3525,1653.6897,1628.5061,,,,,,
2002-02-28,1525.2629,1564.5862,1584.0614,1584.0614,,,,,,
2002-03-31,1600.0235,1623.4289,1655.4431,1600.0235,,,,,,
2002-04-30,1508.7515,1525.0038,1622.2262,1622.2262,,,,,,
2002-05-31,1486.5706,1513.7686,1569.1702,1538.6463,,,,,,
2002-06-30,1382.7828,1405.9435,1489.8781,1476.2585,,,,,,
2002-07-31,1133.9877,1296.344,1405.1955,1375.8789,,,,,,
2002-08-31,1187.0718,1304.8553,1370.8481,1258.2179,,,,,,
2002-09-30,1163.0445,1163.0445,1296.2515,1250.6779,,,,,,
2002-10-31,1108.9094,1265.4107,1284.7272,1209.5896,,,,,,
2002-11-30,1252.4185,1339.8917,1343.4711,1287.1273,,,,,,
2002-12-31,1254.6553,1261.1763,1337.3448,1337.3448,,,,,,
2003-01-31,1212.228,1228.1378,1336.2455,1303.1732,,,,,,
2003-02-28,1174.4321,1209.7111,1234.785,1234.785,,,,,,
2003-03-31,1152.1524,1221.4565,1289.7389,1200.6021,,,,,,
2003-04-30,1236.2987,1322.0677,1324.6802,1236.2987,,,,,,
2003-05-31,1321.3913,1391.7244,1391.7244,1321.3913,0,,,,,
2003-06-30,1396.6992,1409.4778,1462.481,1396.6992,0,,,,,
2003-07-31,1416.878,1434.3292,1458.5122,1421.0261,0,,,,,
2003-08-31,1398.4214,1462.3015,1462.3015,1419.6391,0,,,,,
2003-09-30,1446.7726,1446.7726,1509.4717,1482.6089,0,,,,,
2003-10-31,1479.2297,1528.6165,1528.6165,1479.2297,0,,,,,
2003-11-30,1505.7617,1542.0658,1542.3945,1540.7102,0,,,,,
2003-12-31,1544.3134,1622.9386,1622.9386,1559.5018,0,,,,,
2004-01-31,1618.0504,1652.7279,1687.4406,1618.0504,0,,,,,
2004-02-29,1646.2909,1675.7,1693.0328,1658.7882,0,,,,,
2004-03-31,1598.8494,1650.4195,1693.762,1691.8985,0,,,,,
2004-04-30,1624.5112,1624.5112,1686.2415,1659.1645,0,,,,,
2004-05-31,1592.2333,1646.8037,1647.6468,1639.4603,0,,,,,
2004-06-30,1641.4278,1678.8256,1682.7504,1647.5735,0,,,,,
2004-07-31,1596.4845,1623.2621,1661.5255,1661.5255,0,,,,,
2004-08-31,1567.9472,1629.828,1634.8316,1630.4808,0,,,,,
2004-09-30,1630.6678,1647.4803,1668.3855,1632.8185,0,,,,,
2004-10-31,1619.4786,1672.6485,1688.8266,1672.4867,0,,,,,
2004-11-30,1673.1047,1740.3266,1754.3343,1673.1047,0,,,,,
2004-12-31,1745.8347,1799.5477,1801.9772,1766.9033,0,,,,,
2005-01-31,1729.3305,1755.6842,1784.9561,1784.9561,0,,,,,
2005-02-28,1762.7568,1792.6307,1804.1676,1767.7869,0,,,,,
2005-03-31,1737.9353,1760.8868,1825.7035,1802.7935,0,,,,,
2005-04-30,1697.7435,1727.4905,1777.3517,1749.4521,0,,,,,
2005-05-31,1725.154,1782.4568,1793.3427,1735.428,0,,,,,
2005-06-30,1783.4541,1784.9873,1822.352,1799.1469,0,,,,,
2005-07-31,1789.8489,1851.3678,1865.6369,1789.8489,0,,,,,
2005-08-31,1810.5185,1834.476,1868.0566,1853.1276,0,,,,,
2005-09-30,1820.4907,1849.3341,1866.7415,1836.3698,,,,,,
2005-10-31,1772.3553,1818.5043,1846.1662,1846.1662,,,,,,
2005-11-30,1812.1093,1887.284,1914.4048,1812.1093,,,,,,
2005-12-31,1887.9409,1887.9409,1923.4349,1910.2321,,,,,,
2006-01-31,1909.3459,1937.9295,1958.557,1918.9586,,,,,,
2006-02-28,1900.5805,1943.1876,1963.5835,1941.7513,,,,,,
2006-03-31,1931.7329,1967.3755,1985.6878,1959.7649,,,,,,
2006-04-30,1954.248,1993.7931,1994.2266,1971.9248,,,,,,
2006-05-31,1914.3806,1936.4089,2017.336,1985.5541,,,,,,
2006-06-30,1866.9178,1939.0341,1964.1065,1960.2844,,,,,,
2006-07-31,1885.8225,1950.995,1954.4896,1954.4896,,,,,,
2006-08-31,1936.2979,1997.4153,1998.0755,1942.2187,,,,,,
2006-09-30,1982.9305,2048.8886,2053.9323,2008.4663,,,,,,
2006-10-31,2041.9921,2115.6539,2132.3856,2041.9921,,,,,,
2006-11-30,2095.68,2155.8852,2162.6496,2100.3648,,,,,,
2006-12-31,2149.8494,2186.1274,2199.1531,2149.8494,,,,,,
2007-01-31,2173.2918,2219.1886,2221.5556,2183.9215,,,,,,
2007-02-28,2163.1135,2175.7839,2255.478,2231.6059,,,,,,
2007-03-31,2125.3426,2200.12,2225.2579,2170.1713,,,,,,
2007-04-30,2205.8511,2297.5749,2317.4956,2205.8511,,,,,,
2007-05-31,2303.6758,2377.749,2377.749,2303.6758,,,,,,
2007-06-30,2316.6251,2338.2467,2391.1325,2386.6291,,,,,,
2007-07-31,2265.7498,2265.7498,2417.5001,2363.2775,,,,,,
2007-08-31,2193.3952,2299.7136,2333.2389,2282.2977,,,,,,
2007-09-30,2266.5095,2385.7202,2392.9227,2323.8252,,,,,,
2007-10-31,2346.7753,2423.6694,2447.0275,2417.4438,,,,,,
2007-11-30,2205.4856,2322.3441,2379.0516,2360.2081,,,,,,
2007-12-31,2269.238,2306.2325,2378.6025,2308.7394,,,,,,
2008-01-31,2060.1493,2167.9009,2273.4139,2273.4058,,,,,,
2008-02-29,2087.0499,2097.475,2194.4273,2194.4273,,,,,,
2008-03-31,2008.7125,2088.4182,2135.5416,2098.6386,,,,,,
2008-04-30,2098.9151,2190.1307,2209.2513,2163.3833,,,,,,
2008-05-31,2179.0537,2218.4986,2258.7402,2228.0926,,,,,,
2008-06-30,2028.8909,2031.4713,2225.7422,2195.2688,,,,,,
2008-07-31,1929.8469,2014.3944,2040.8073,2039.6556,,,,,,
2008-08-31,1985.2329,2043.5319,2076.5906,2003.1619,,,,,,
2008-09-30,1765.7235,1861.4383,2035.2374,2035.2374,,,,,,
2008-10-31,1356.78,1548.8136,1853.2638,1853.2638,,,,,,
2008-11-30,1206.0388,1437.6792,1607.9967,1544.9133,,,,,,
2008-12-31,1309.392,1452.9764,1466.8744,1309.392,,,,,,
2009-01-31,1296.6328,1330.5103,1503.8662,1499.1661,,,,,,
2009-02-28,1188.8405,1188.8405,1403.1941,1329.8127,,,,,,
2009-03-31,1095.0358,1292.9772,1349.3732,1133.4312,,,,,,
2009-04-30,1314.6311,1416.7273,1417.9895,1314.6311,,,,,,
2009-05-31,1424.4081,1495.969,1509.1383,1424.4081,,,,,,
2009-06-30,1455.5406,1498.9365,1541.6982,1534.6526,,,,,,
2009-07-31,1434.5037,1612.312,1612.312,1505.6394,,,,,,
2009-08-31,1602.061,1670.5233,1687.1644,1637.0553,,,,,,
2009-09-30,1628.6606,1732.8591,1755.9933,1633.6326,,,,,,
2009-10-31,1680.7047,1700.6677,1801.1249,1688.2357,,,,,,
2009-11-30,1711.6519,1802.6797,1826.7416,1711.6519,,,,,,
2009-12-31,1797.3062,1837.4993,1857.8883,1824.5405,,,,,,
2010-01-31,1771.3976,1771.3976,1896.7181,1867.063,,,,,,
2010-02-28,1744.3727,1826.2705,1833.0909,1796.6682,,,,,,
2010-03-31,1844.8715,1936.4766,1943.7007,1844.8715,,,,,,
2010-04-30,1950.9073,1967.0491,2017.1934,1950.9073,,,,,,
2010-05-31,1773.6473,1809.9788,1992.8733,1992.8733,,,,,,
2010-06-30,1715.2295,1715.2295,1858.7031,1778.9905,,,,,,
2010-07-31,1701.8571,1835.4037,1857.3395,1709.7708,,,,,,
2010-08-31,1748.1365,1752.5459,1880.056,1875.845,,,,,,
2010-09-30,1804.4554,1908.9513,1920.8427,1804.4554,,,,,,
2010-10-31,1902.1487,1981.5853,1985.1309,1917.4222,,,,,,
2010-11-30,1976.2555,1981.8394,2053.7705,1983.4727,,,,,,
2010-12-31,2024.9694,2114.2886,2117.834,2024.9694,,,,,,
2011-01-31,2135.5254,2164.4004,2186.929,2138.3003,,,,,,
2011-02-28,2194.9443,2238.5508,2263.7856,2200.5415,,,,,,
2011-03-31,2121.937,2239.4414,2245.3298,2203.315,,,,,,
2011-04-30,2206.1521,2305.7632,2305.7632,2250.5828,,,,,,
2011-05-31,2229.4944,2279.6628,2301.7214,2301.7214,,,,,,
2011-06-30,2146.4473,2241.6628,2241.6628,2227.9624,,,,,,
2011-07-31,2196.0796,2196.0796,2298.3105,2274.2578,,,,,,
2011-08-31,1903.4745,2076.7842,2187.0029,2187.0029,,,,,,
2011-09-30,1926.7574,1930.7887,2074.0642,2052.2966,,,,,,
2011-10-31,1875.9508,2141.8105,2196.1304,1875.9508,,,,,,
2011-11-30,1984.5015,2137.0771,2182.6094,2081.9717,,,,,,
2011-12-31,2067.6689,2158.9377,2171.7073,2133.0708,,,,,,
2012-01-31,2192.3989,2255.6914,2278.8269,2192.3989,,,,,,
2012-02-29,2276.2427,2353.2319,2364.0276,2276.2427,,,,,,
2012-03-31,2315.2126,2430.6748,2443.6401,2367.8665,,,,,,
2012-04-30,2346.2727,2415.418,2449.0781,2449.0781,,,,,,
2012-05-31,2242.2542,2270.2495,2429.0955,2429.0955,,,,,,
2012-06-30,2214.4065,2363.7888,2363.7888,2214.4065,,,,,,
2012-07-31,2318.0933,2396.6194,2408.0684,2369.7495,,,,,,
2012-08-31,2372.3083,2450.5981,2468.9985,2389.7344,,,,,,
2012-09-30,2445.8054,2513.9258,2556.1321,2447.7981,,,,,,
2012-10-31,2461.1768,2467.5078,2552.0479,2520.7112,,,,,,
2012-11-30,2369.3198,2481.822,2496.4585,2494.6653,,,,,,
2012-12-31,2462.7065,2504.4431,2538.7161,2470.0718,,,,,,
2013-01-31,2560.1721,2634.1606,2650.4297,2568.5525,,,,,,
2013-02-28,2621.4624,2669.9192,2696.2649,2660.699,,,,,,
2013-03-31,2676.1753,2770.0498,2770.0498,2676.1753,,,,,,
2013-04-30,2723.7239,2823.4194,2823.4194,2757.8259,,,,,,
2013-05-31,2797.2795,2889.4644,2955.6951,2797.2795,,,,,,
2013-06-30,2790.6599,2850.6624,2929.8127,2906.9121,,,,,,
2013-07-31,2865.4763,2995.7161,3012.2974,2866.4114,,,,,,
2013-08-31,2903.2881,2908.9551,3038.6296,3033.5874,,,,,,
2013-09-30,2921.228,3000.1785,3076.8074,2921.228,,,,,,
2013-10-31,2955.4104,3138.0901,3165.1074,3024.3799,,,,,,
2013-11-30,3124.1191,3233.7202,3236.1377,3147.2131,,,,,,
2013-12-31,3182.0725,3315.5852,3315.5852,3225.0593,,,,,,
2014-01-31,3185.7014,3200.9519,3317.7456,3286.6873,,,,,,
2014-02-28,3127.8652,3347.376,3347.376,3127.8652,,,,,,
2014-03-31,3317.8054,3375.5129,3382.5732,3322.8518,,,,,,
2014-04-30,3276.0359,3400.4648,3409.7964,3399.5076,,,,,,
2014-05-31,3371.7236,3480.2876,3480.2876,3400.2024,,,,,,
2014-06-30,3482.002,3552.1816,3555.604,3483.136,,,,,,
2014-07-31,3503.1938,3503.1938,3606.1038,3576.5464,,,,,,
2014-08-31,3467.1401,3643.3394,3643.3394,3493.1758,,,,,,
2014-09-30,3579.6111,3592.2463,3661.7327,3641.5215,,,,,,
2014-10-31,3395.0342,3679.9875,3679.9875,3544.9778,,,,,,
2014-11-30,3669.1807,3778.9597,3788.4158,3679.5798,,,,,,
2014-12-31,3609.062,3769.4402,3826.9546,3753.3118,,,,,,
2015-01-31,3650.7373,3656.2844,3780.5088,3768.6797,,,,,,
2015-02-28,3703.7686,3866.4167,3885.2749,3703.7686,,,,,,
2015-03-31,3751.2046,3805.2712,3890.3247,3890.3247,,,,,,
2015-04-30,3790.6577,3841.7761,3900.2407,3790.6577,,,,,,
2015-05-31,3833.6958,3891.1785,3932.8965,3883.7471,,,,,,
2015-06-30,3805.5049,3815.8528,3927.2295,3899.5857,,,,,,
2015-07-31,3787.6704,3895.7998,3939.3489,3843.2559,,,,,,
2015-08-31,3465.1853,3660.7512,3899.3647,3885.0691,,,,,,
2015-09-30,3498.6135,3570.1714,3707.6248,3552.655,,,,,,
2015-10-31,3577.4714,3871.3298,3891.3506,3577.4714,,,,,,
2015-11-30,3771.585,3882.8425,3928.052,3917.303,,,,,,
2015-12-31,3747.5581,3821.603,3924.6279,3924.6279,,,,,,
2016-01-31,3479.751,3631.959,3771.5701,3763.9863,,,,,,
2016-02-29,3428.9856,3627.0586,3662.8394,3630.4592,,,,,,
2016-03-31,3713.696,3873.1118,3881.0144,3713.696,,,,,,
2016-04-30,3841.9807,3888.1267,3957.2466,3897.6619,,,,,,
2016-05-31,3847.9739,3957.9504,3961.6655,3918.5271,,,,,,
2016-06-30,3781.0151,3968.2058,4001.9817,3963.0989,,,,,,
2016-07-31,3949.7188,4114.5083,4116.5034,3976.678,,,,,,
2016-08-31,4083.2488,4120.2852,4151.6904,4109.2837,,,,,,
2016-09-30,4037.8279,4121.0645,4150.5054,4120.1733,,,,,,
2016-10-31,4045.0688,4045.8914,4115.1196,4108.1333,,,,,,
2016-11-30,3970.0244,4195.7305,4221.0244,4018.4746,,,,,,
2016-12-31,4181.1479,4278.6636,4337.8613,4181.1479,,,,,,
2017-01-31,4315.0776,4359.8149,4396.5679,4315.0776,,,,,,
2017-02-28,4362.1045,4532.9253,4544.5083,4362.1045,,,,,,
2017-03-31,4496.5288,4538.2129,4595.7349,4595.7349,,,,,,
2017-04-30,4477.0688,4584.8198,4593.5684,4530.9751,,,,,,
2017-05-31,4540.5825,4649.3413,4655.6538,4592.7808,,,,,,
2017-06-30,4669.2686,4678.3599,4734.479,4685.1104,,,,,,
2017-07-31,4655.0249,4774.5596,4788.4111,4689.6084,,,,,,
2017-08-31,4696.2202,4789.1758,4797.1313,4786.2656,,,,,,
2017-09-30,4762.7461,4887.9673,4887.9673,4798.9873,,,,,,
2017-10-31,4906.9185,5002.0303,5012.7495,4906.9185,,,,,,
2017-11-30,4987.9595,5155.4414,5155.4414,5009.9858,,,,,,
2017-12-31,5120.4629,5212.7632,5242.2847,5145.207,,,,,,
2018-01-31,5256.2842,5511.2144,5606.085,5256.2842,,,,,,
2018-02-28,5040.0552,5308.0869,5508.7002,5508.7002,,,,,,
2018-03-31,5069.0269,5173.1909,5454.0254,5238.1831,,,,,,
2018-04-30,5057.689,5193.041,5310.3213,5057.689,,,,,,
2018-05-31,5157.6978,5318.0996,5369.9893,5206.3052,,,,,,
2018-06-30,5312.8916,5350.832,5481.0688,5376.292,,,,,,
2018-07-31,5340.9341,5549.9556,5607.9932,5367.4907,,,,,,
2018-08-31,5544.1943,5730.8027,5753.9976,5544.1943,,,,,,
2018-09-30,5674.5806,5763.4224,5794.7222,5721.856,,,,,,
2018-10-31,5229.2773,5369.4912,5786.479,5784.4517,,,,,,
2018-11-30,5222.4258,5478.9131,5573.0591,5426.3267,,,,,,
2018-12-31,4672.6602,4984.2173,5538.8569,5538.8569,,,,,,
2019-01-31,4868.2959,5383.6318,5383.6318,4990.5562,,,,,,
2019-02-28,5389.1938,5556.4904,5577.0853,5389.1938,,,,,,
2019-03-31,5476.3858,5664.4627,5703.2781,5595.1129,,,,,,
2019-04-30,5730.0414,5893.8148,5893.8148,5730.0414,,,,,,
2019-05-31,5519.2736,5519.2736,5894.3025,5849.6526,,,,,,
2019-06-30,5504.0518,5908.2515,5931.66,5504.0518,,,,,,
2019-07-31,5953.6268,5993.1655,6083.8226,5953.6268,,,,,,
2019-08-31,5719.3047,5898.2319,5939.8325,5939.8325,,,,,,
2019-09-30,5857.9511,6008.5904,6070.2281,5857.9511,,,,,,
2019-10-31,5828.9342,6138.7348,6156.9344,5935.1978,,,,,,
2019-11-30,6198.5908,6361.564,6385.7647,6198.5908,,,,,,
2019-12-31,6265.2153,6553.5688,6571.0339,6306.8768,,,,,,
2020-01-31,6550.9993,6550.9993,6759.5101,6609.2876,,,,,,
2020-02-29,6011.7264,6011.7264,6886.4739,6598.6265,,,,,,
2020-03-31,4559.5049,5269.2009,6370.3545,6288.6436,,,,,,
2020-04-30,5036.6423,5944.6795,5999.7371,5036.6423,,,,,,
2020-05-31,5761.6965,6227.8131,6227.8131,5778.5256,,,,,,
2020-06-30,6145.3024,6351.6669,6615.4037,6251.4764,,,,,,
2020-07-31,6383.7627,6709.8065,6717.2858,6383.7627,,,,,,
2020-08-31,6758.1994,7192.1109,7207.0978,6758.1994,,,,,,
2020-09-30,6657.8159,6918.8347,7358.4851,7246.3746,,,,,,
2020-10-31,6734.8366,6734.8366,7275.4306,6956.1953,,,,,,
2020-11-30,6817.8906,7472.0585,7505.3792,6817.8906,,,,,,
2020-12-31,7530.8655,7759.3455,7759.3455,7556.5149,,,,,,
2021-01-31,7645.2691,7681.0087,7970.9216,7645.2691,,,,,,
2021-02-28,7804.3119,7892.8119,8142.7881,7804.3119,,,,,,
2021-03-31,7806.4528,8238.4829,8240.3815,8080.7809,,,,,,
2021-04-30,8335.9091,8678.1605,8740.3485,8335.9091,,,,,,
2021-05-31,8437.2353,8738.7721,8787.8151,8702.025,,,,,,
2021-06-30,8667.7629,8942.7769,8942.7769,8734.7439,,,,,,
2021-07-31,8867.0661,9155.2117,9209.6324,8990.0795,,,,,,
2021-08-31,9138.3598,9433.5819,9445.2436,9138.3598,,,,,,
2021-09-30,8994.8281,8994.8281,9465.4667,9437.1547,,,,,,
2021-10-31,8980.6367,9625.0219,9625.0219,9098.2515,,,,,,
2021-11-30,9558.3305,9558.3305,9842.3462,9642.4449,,,,,,
2021-12-31,9446.2054,9986.6979,10041.611,9446.2054,,,,,,
2022-01-31,9072.2424,9469.9159,10050.4083,10050.4083,,,,,,
2022-02-28,8871.9528,9186.3728,9624.8923,9534.9547,,,,,,
2022-03-31,8762.1121,9527.4585,9738.5953,9044.471,,,,,,
2022-04-30,8696.6467,8696.6467,9637.3672,9559.9539,,,,,,
2022-05-31,8220.9666,8712.6017,9050.9041,8746.0534,,,,,,
2022-06-30,7739.3885,7993.4308,8809.1792,8648.2842,,,,,,
2022-07-31,8008.7134,8730.4607,8730.4607,8077.8919,,,,,,
2022-08-31,8374.4161,8374.4161,9107.8669,8705.8739,,,,,,
2022-09-30,7603.1439,7603.1439,8708.1728,8400.9598,,,,,,
2022-10-31,7588.9008,8218.7047,8280.1063,7799.9985,,,,,,
2022-11-30,7897.0078,8677.999,8677.999,8185.0734,,,,,,
2022-12-31,8056.6184,8178.0205,8671.9042,8671.9042,,,,,,
2023-01-31,8113.1474,8691.8776,8691.8776,8145.604,,,,,,
2023-02-28,8477.6594,8479.8049,8912.3527,8782.7718,,,,,,
2023-03-31,8241.3879,8791.1344,8791.1344,8440.2455,,,,,,
2023-04-30,8684.1907,8928.3504,8928.3504,8823.6554,,,,,,
2023-05-31,8697.6755,8967.1589,9020.3921,8924.9189,,,,,,
2023-06-30,9057.1745,9559.6664,9559.6664,9057.1745,,,,,,
2023-07-31,9453.1016,9866.7702,9866.7702,9571.3476,,,,,,
2023-08-31,9406.4965,9709.6761,9840.7117,9840.7117,,,,,,
2023-09-30,9213.7216,9246.7391,9727.644,9727.644,,,,,,
2023-10-31,8885.9408,9052.3122,9443.1296,9247.5148,,,,,,
2023-11-30,9147.447,9879.0182,9879.0182,9147.447,,,,,,
2023-12-31,9840.645,10327.8281,10356.593,9937.8887,,,,,,
2024-01-31,10154.1953,10501.3797,10678.5031,10269.6897,,,,,,
2024-02-29,10633.1404,11062.1072,11062.1072,10633.1404,,,,,,
2024-03-31,11025.1569,11418.026,11418.026,11151.3447,,,,,,
2024-04-30,10801.1607,10951.6618,11395.0782,11395.0782,,,,,,
2024-05-31,10914.1083,11494.6964,11587.0528,10914.1083,,,,,,
2024-06-30,11508.8868,11907.1502,11961.9311,11508.8868,,,,,,
2024-07-31,11781.5696,12052.0885,12364.5551,11939.3802,,,,,,
2024-08-31,11319.9614,12344.4324,12344.4324,11887.5431,,,,,,
2024-09-30,11823.5704,12608.0737,12608.0737,12084.5653,,,,,,
2024-10-31,12466.4101,12493.7364,12840.3002,12490.8717,,,,,,
2024-11-30,12510.7345,13227.133,13227.133,12545.4019,,,,,,
2024-12-31,12875.0873,12911.8218,13358.4953,13261.0751,,,,,,
2025-01-31,12797.3919,13271.3825,13440.6089,12883.5784,,,,,,
2025-02-28,12892.1991,13098.2159,13510.2891,13171.2107,,,,,,
2025-03-31,12153.3307,12360.2065,12868.9537,12868.9537,,,,,,
2025-04-30,10977.5005,12276.3927,12491.0955,12407.2552,,,,,,
2025-05-31,12353.8741,13049.1267,13159.3092,12353.8741,,,,,,
2025-06-30,13104.2442,13712.7093,13712.7093,13104.2442,,,,,,
2025-07-31,13697.681,14020.4634,14130.6053,13697.681,,,,,,
2025-08-31,13796.8293,14304.6793,14395.5081,13796.8293,,,,,,
2025-09-30,14208.4968,14826.8015,14836.2656,14208.4968,,,,,,
2025-10-31,14531.4118,15173.9504,15285.1049,14877.9582,,,,,,
2025-11-30,14518.9522,15211.1418,15211.1418,15201.0001,,,,,,
2025-12-31,14940.006,15220.4546,15409.7015,15131.9997,,,,,,
2026-01-31,15121.5191,15441.1537,15527.8214,15252.8221,,,,,,
2026-02-28,15129.2313,15323.8034,15525.1094,15525.1094,,,,,,
2026-03-31,14147.3118,14560.7523,15331.1757,15331.1757,,,,,,
2026-04-30,14665.6821,16088.5618,16088.5618,14665.6821,,,,,,
2026-05-31,16071.4379,16935.3453,16935.3453,16136.0341,,,,,,
2026-06-30,16244.6475,16774.0708,17003.569,16981.1042,,,,,,
2026-07-31,16373.8137,16763.4246,16949.5501,16738.5603,,,,,,
2026-08-31,17012.3849,17319.0196,17460.7618,17012.3849,,,,,,
